{
    "package_version": "1.0",
    "id": "5faf8024-fcea-4f88-b168-a5745ebde3c9",
    "type": "client-app",
    "name": "Starwood tiles",
    "description": "Starwood tiles add-on",
    "minimum_version": "0080300000",
    "icon_16": "extension-16.png",
    "icon_48": "extension-48.png",
    "icon_128": "extension-128.png",
    "released_on": "2016-01-27T09:26:27.128Z",
    "register_url": "%serviceURL%/jive/oauth/register",
    "unregister_url": "%serviceURL%/jive/oauth/unregister",
    "service_url": "http:",
    "redirect_url": "%serviceURL%",
    "releasedOn": "2016-01-27T09:26:27.128Z"
}